x,deltaH,deltaS,deltaG_T0,deltaG_T1,deltaG_T2,deltaG_T3,d2deltaG
0.0,0.0,0.0,0.0,0.0,0.0,0.0,
0.002004008016032,0.0010031990104392,6.226908834276513e-07,0.0009720644662678,0.000909795377925,0.0008475262895822,0.000785257201239522,7.048593143935805
0.0040080160320641,0.0020087498001929,1.1255078367454008e-06,0.0019524744083556,0.001839923624681,0.0017273728410065,0.0016148220573320097,3.8092236195513687
0.0060120240480961,0.0030165946543942,1.582970833422348e-06,0.002937446112723,0.0027791490293808,0.0026208519460386,0.002462554862696378,2.719909104634565
0.0080160320641282,0.0040266760130126,2.0109196463314232e-06,0.003926130030696,0.0037250380660628,0.0035239461014297,0.0033228541367966023,2.168137337320865
0.0100200400801603,0.0050389364708537,2.416876924635352e-06,0.0049180926246219,0.0046764049321583,0.0044347172396948,0.004193029547231326,1.8314058657509
0.0120240480961923,0.0060533187775596,2.8052732655821407e-06,0.0059130551142804,0.0056325277877222,0.005352000461164,0.005071473134605851,1.602213873070508
0.0140280561122244,0.0070697658376083,3.179036138207724e-06,0.0069108140306979,0.0065929104168771,0.0062750068030563,0.005957103189235597,1.4344895810022198
0.0160320641282565,0.0080882207103145,3.5402461101608475e-06,0.0079112084048064,0.0075571837937903,0.0072031591827742,0.006849134571758203,1.3051971007381655
0.0180360721442885,0.0091086266098288,3.8904587292872085e-06,0.0089141036733644,0.0085250578004357,0.0081360119275069,0.007746966054578277,1.201538716571084
0.0200400801603206,0.0101309269051381,4.230881328080642e-06,0.009919382838734,0.009496294705926,0.0090732065731179,0.008650118440309875,1.1158357993467585
0.0220440881763527,0.0111550651200656,4.562478332734062e-06,0.0109269412034288,0.0104706933701554,0.010014445536882,0.00955819770360868,1.0432019489424245
0.0240480961923847,0.0121809849332707,4.88603794302964e-06,0.0119366830361192,0.0114480792418162,0.0109594754475132,0.010470871653210326,0.980379565506008
0.0260521042084168,0.0132086301782491,5.202216426389121e-06,0.0129485193569296,0.0124282977142907,0.0119080760716518,0.011387854429012908,0.925113387815736
0.0280561122244488,0.0142379448433325,5.511568701505994e-06,0.0139623664082572,0.0134112095381066,0.012860052667956,0.012308895797805402,0.8757925151999421
0.0300601202404809,0.0152688730716891,5.814570139511652e-06,0.0149781445647135,0.0143966875507623,0.0138152305368111,0.013233773522860022,0.8312356206889724
0.032064128256513,0.0163013591613231,6.111632526192783e-06,0.0159957775350134,0.0153846142823941,0.0147734510297749,0.014162287777155624,0.7905567092351524
0.034068136272545,0.0173353475650749,6.4031160185709926e-06,0.0170151917641463,0.0163748801622892,0.0157345685604321,0.015094256958575053,0.7530782553845468
0.0360721442885771,0.0183707828906212,6.689338278846729e-06,0.0180363159766788,0.0173673821487941,0.0166984483209095,0.016029514493024845,0.7182732950581574
0.0380761523046092,0.0194076099004748,6.970581572631433e-06,0.0190590808218432,0.01836202266458,0.0176649645073169,0.0169679063500538,0.6857258041390766
0.0400801603206412,0.0204457735119847,7.247098368916194e-06,0.0200834185935388,0.0193587087566472,0.0186339989197556,0.017909289082864033,0.6551029634835147
0.0420841683366733,0.0214852187973361,7.519115817427297e-06,0.0211092630064647,0.020357351424722,0.0196054398429792,0.018853528261236548,0.6261353482144094
0.0440881763527054,0.0225258909835504,7.786839371353777e-06,0.0221365490149827,0.0213578650778473,0.0205791811407119,0.01980049720357658,0.5986025199349767
0.0460921843687374,0.023567735452485,8.050455750138194e-06,0.023165212664978,0.0223601670899642,0.0215551215149504,0.020750075939936632,0.5723223774952682
0.0480961923847695,0.0246106977408338,8.310135386102414e-06,0.0241951909715286,0.0233641774329184,0.0225331638943082,0.021702150355697957,0.5471431700671037
0.0501002004008016,0.0256547235401265,8.566034462652993e-06,0.0252264218169938,0.0243698183707285,0.0235132149244632,0.022656611478197954,0.5229374270810373
0.0521042084168336,0.0266997586967291,8.8182966258966e-06,0.0262588438654342,0.0253770142028446,0.0244951845402549,0.023613354877665287,0.4995972889471187
0.0541082164328657,0.0277457492118438,9.067054432574763e-06,0.027292396490215,0.0263856910469575,0.0254789856037001,0.024572280160442633,0.4770308753932742
0.0561122244488977,0.0287926412415088,9.312430583222118e-06,0.0283270197123476,0.0273957766540254,0.0264645335957032,0.02553329053738106,0.4551594320169125
0.0581162324649298,0.0298403810965985,9.554538978954927e-06,0.0293626541476507,0.0284072002497552,0.0274517463518597,0.026496292453964274,0.4339150672051739
0.0601202404809619,0.0308889152428234,9.793485632338445e-06,0.0303992409612064,0.0294198923979726,0.0284405438347387,0.027461195271504944,0.4132389416711498
0.0621242484969939,0.0319381903007303,1.00293694566828e-05,0.0314367218278961,0.0304337848822278,0.0294308479365596,0.02842791099089132,0.3930798084024552
0.064128256513026,0.0329881530457018,1.026228295339808e-05,0.0324750388980319,0.031448810602692,0.0304225823073522,0.029396354012012474,0.3733928263694642
0.0661322645290581,0.0340387504079568,1.0492312813353712e-05,0.0335141347672891,0.0324649034859537,0.0314156722046183,0.030366440923283,0.3541385899229659
0.0681362725450901,0.0350899294725503,1.071954044528488e-05,0.034553952450286,0.0334819984057575,0.032410044361229,0.031338090316700595,0.3352823294746057
0.0701402805611222,0.0361416374793735,1.094404244198433e-05,0.0355944353572742,0.0345000311130758,0.0334056268688774,0.03231122262467899,0.3167932492035465
0.0721442885771543,0.0371938218231534,1.116589099317522e-05,0.0366355272734946,0.0355189381741771,0.0344023490748595,0.033285759975542076,0.2986439751453683
0.0741482965931863,0.0382464300534533,1.138515425247656e-05,0.0376771723408294,0.0365386569155818,0.0354001414903341,0.03426162606508651,0.2808100927800782
0.0761523046092184,0.0392994098746726,1.1601896664669844e-05,0.0387193150414391,0.0375591253749721,0.0363989357085051,0.03523874604203815,0.263269757632553
0.0781563126252505,0.0403527091460467,1.1816179258494216e-05,0.0397619001831219,0.0385802822572725,0.0373986643314231,0.03621704640557373,0.2460033657806201
0.0801603206412825,0.041406275881647,1.2028059909392752e-05,0.0408048728861773,0.039602066895238,0.0383992609042988,0.03719645491335954,0.2289932737869358
0.0821643286573146,0.0424600582503812,1.2237593575968405e-05,0.0418481785715827,0.0406244192139859,0.039400659856389,0.03817690049879226,0.2122235596164599
0.0841683366733466,0.0435140045759927,1.2444832513357834e-05,0.0428917629503248,0.041647279698989,0.0404027964476532,0.039158313196317455,0.1956798177085854
0.0861723446893787,0.0445680633370614,1.2649826466272582e-05,0.0439355720137477,0.0426705893671205,0.0414056067204932,0.040140624073865996,0.17934898264387
0.0881763527054108,0.0456221831670029,1.2852622844073258e-05,0.0449795520247992,0.0436942897403919,0.0424090274559845,0.04112376517157726,0.163219176856224
0.0901803607214428,0.046676312854069,1.3053266879919496e-05,0.046023649510073,0.044718322822081,0.0434129961340891,0.04210766944609717,0.1472795786501528
0.0921843687374749,0.0477304013413474,1.3251801775766004e-05,0.0470678112525591,0.0457426310749825,0.0444174508974059,0.043092270719829295,0.1315203074331549
0.094188376753507,0.048784397726762,1.3448268834743889e-05,0.0481119842850248,0.0467671574015504,0.045422330518076,0.04407750363460164,0.1159323235993142
0.096192384769539,0.0498382512630727,1.3642707582269902e-05,0.0491561158839592,0.0477918451257322,0.0464275743675052,0.04506330360927824,0.100507340927455
0.0981963927855711,0.0508919113578753,1.3835155877058317e-05,0.0502001535640223,0.0488166379763165,0.0474331223886107,0.046049606800904884,0.085237749706067
0.1002004008016032,0.0519453275736017,1.4025650013066203e-05,0.0512440450729483,0.0498414800716417,0.0484389150703351,0.04703635006902853,0.0701165490832509
0.1022044088176352,0.0529984496275198,1.4214224813279114e-05,0.0522877383868558,0.0508663159055279,0.0494448934242,0.04802347094287211,0.0551372873755048
0.1042084168336673,0.0540512273917336,1.440091371613751e-05,0.0533311817059267,0.0518910903343129,0.0504509989626992,0.049010907591085465,0.0402940092639718
0.1062124248496994,0.0551036108931828,1.4585748855311766e-05,0.0543743234504172,0.052915748564886,0.0514571736793548,0.049998598793823686,0.0255812089684819
0.1082164328657314,0.0561555503136435,1.4768761133453448e-05,0.0554171122569708,0.0539402361436254,0.0524633600302801,0.05098648391693479,0.0109937886244901
0.1102204408817635,0.0572069959897275,1.4949980290480887e-05,0.0564594969752034,0.0549644989461553,0.0534695009171072,0.05197450288805919,-0.0034729787992753
0.1122244488977955,0.0582578984128827,1.512943496689602e-05,0.0575014266645379,0.0559884831678482,0.0544755396711586,0.05296259617446909,-0.0178234826100458
0.1142284569138276,0.0593082082293929,1.530715276257627e-05,0.058542850591264,0.0570121353150064,0.0554814200387488,0.053950704762491204,-0.0320618040150488
0.1162324649298597,0.0603578762403779,1.548316029143858e-05,0.0595837182258059,0.0580354021966621,0.0564870861675182,0.0549387701383744,-0.046191742680977
0.1182364729458917,0.0614068534017936,1.5657483232331455e-05,0.060623979240177,0.0590582309169438,0.0574924825937107,0.05592673427047759,-0.0602168405924844
0.1202404809619238,0.0624550908244316,1.583014637647482e-05,0.0616635835056078,0.0600805688679603,0.0584975542303128,0.05691453959266541,-0.0741404035248218
0.1222444889779559,0.0635025397739196,1.6001173671735435e-05,0.0627024810903328,0.0611023637231592,0.0595022463559857,0.0579021289888122,-0.0879655204043933
0.1242484969939879,0.0645491516707213,1.6170588263997294e-05,0.0637406222575214,0.0621235634311217,0.0605065046047219,0.058889445778322246,-0.1016950807957059
0.12625250501002,0.0655948780901363,1.633841253586135e-05,0.0647779574633432,0.0631441162097571,0.0615102749561709,0.05987643370258482,-0.1153317907228762
0.1282565130260521,0.0666396707623,1.6504668142886544e-05,0.0658144373551556,0.064163970540867,0.0625135037265783,0.06086303691228971,-0.1288781870078657
0.1302605210420841,0.067683481572184,1.6669376047564316e-05,0.0668500127698057,0.0651830751650493,0.0635161375602929,0.06184919995553649,-0.1423366502851711
0.1322645290581162,0.0687262625595957,1.6832556551200912e-05,0.0678846347320356,0.0662013790769155,0.0645181234217954,0.06283486776667538,-0.1557094168333489
0.1342685370741483,0.0697679659191782,1.6994229323866043e-05,0.0689182544529849,0.0672188315205983,0.0655194085882116,0.06381998565582508,-0.1689985893469924
0.1362725450901803,0.0708085440004109,1.7154413432552233e-05,0.0699508233287832,0.068235381985528,0.0665199406422728,0.06480449929901762,-0.1822061467582237
0.1382765531062124,0.0718479493076089,1.7313127367676432e-05,0.070982292939225,0.0692509802024574,0.0675196674656898,0.06578835472892215,-0.1953339532041358
0.1402805611222445,0.0728861344999232,1.7470389068044008e-05,0.072012615046521,0.0702655761397166,0.0685185372329122,0.0667714983261078,-0.2083837662255802
0.1422845691382765,0.0739230523913407,1.762621594438498e-05,0.0730417415941214,0.0712791199996829,0.0695164984052444,0.06775387681080595,-0.2213572442730912
0.1442885771543086,0.0749586559506843,1.778062490156309e-05,0.0740696247056061,0.0722915622154498,0.0705134997252935,0.06873543723513721,-0.2342559535873051
0.1462925851703406,0.0759928983016126,1.7933632359549838e-05,0.0750962166836351,0.0733028534476801,0.0715094902117251,0.06971612697577016,-0.2470813745138476
0.1482965931863727,0.0770257327226204,1.808525427324797e-05,0.076121470008958,0.0743129445816331,0.0725044191543084,0.07069589372698361,-0.2598349073061996
0.1503006012024048,0.0780571126470379,1.8235506151242484e-05,0.0771453373394757,0.0753217867243515,0.0734982361092272,0.07167468549410302,-0.2725178774643152
0.1523046092184368,0.0790869916630316,1.838440307355024e-05,0.078167771509354,0.076329331201999,0.074490890894644,0.07265245058728902,-0.2851315406517631
0.1543086172344689,0.0801153235136037,1.8531959708434423e-05,0.0791887255281819,0.0773355295573385,0.0754823335864951,0.07362913761565165,-0.2976770872296966
0.156312625250501,0.0811420620965922,1.867819032834428e-05,0.0802081525801749,0.0783403335473405,0.0764725145145061,0.0746046954816717,-0.3101556464420506
0.158316633266533,0.0821671614646711,1.882310882503647e-05,0.0812260060234192,0.0793436951409156,0.0774613842584119,0.07557907337590833,-0.3225682902828576
0.1603206412825651,0.0831905758253501,1.896672872392957e-05,0.0822422393891536,0.0803455665167606,0.0784488936443677,0.07655222077197475,-0.3349160370735081
0.1623246492985972,0.0842122595409748,1.9109063197739928e-05,0.0832568063810878,0.0813459000613138,0.0794349937415398,0.07752408742176584,-0.3471998547750118
0.1643286573146292,0.0852321671287268,1.925012507944289e-05,0.0842696608747546,0.0823446483668103,0.080419635858866,0.07849462335092179,-0.3594206640578904
0.1663326653306613,0.0862502532606232,1.9389926874600912e-05,0.0852807569168931,0.083341764229433,0.0814027715419729,0.07946377885451289,-0.3715793411501341
0.1683366733466933,0.0872664727635172,1.952848077309633e-05,0.0862900487248623,0.0843372006475527,0.0823843525702431,0.08043150449293349,-0.3836767204817233
0.1703406813627254,0.0882807806190976,1.9665798660304505e-05,0.0872974906860823,0.0853309108200519,0.0833643309540214,0.08139775108799102,-0.3957135971424647
0.1723446893787575,0.0892931319638894,1.980189212774005e-05,0.0883030373575023,0.0863228481447283,0.0843426589319543,0.08236246971918038,-0.407690729168337
0.1743486973947895,0.0903034820892529,1.9936772483206904e-05,0.0893066434650925,0.0873129662167718,0.0853192889684511,0.08332561172013049,-0.4196088396701458
0.1763527054108216,0.0913117864413847,2.007045076048065e-05,0.0903082639033606,0.0883012188273126,0.0862941737512645,0.08428712867521647,-0.4314686188170317
0.1783567134268537,0.0923180006213167,2.02029377285498e-05,0.0913078537348892,0.0892875599620342,0.0872672661891792,0.08524697241632427,-0.4432707256862432
0.1803607214428857,0.0933220803849169,2.033424390044057e-05,0.0923053681898948,0.0902719437998508,0.0882385194098067,0.0862050950197627,-0.4550157899895809
0.1823647294589178,0.0943239816428893,2.0464379541648577e-05,0.0933007626658068,0.091254324711642,0.0892078867574771,0.0871614488033123,-0.4667044136859968
0.1843687374749499,0.0953236604607731,2.0593354678198785e-05,0.0942939927268631,0.0922346572590432,0.0901753217912234,0.08811598632340353,-0.4783371724890101
0.1863727454909819,0.0963210730589437,2.0721179104354032e-05,0.095285014103726,0.0932128961932906,0.0911407782828551,0.0890686603724198,-0.4899146172768593
0.188376753507014,0.0973161758126122,2.084786238999103e-05,0.0962737826931126,0.0941889964541135,0.0921042102151144,0.09001942397611534,-0.5014372754126293
0.1903807615230461,0.0983089252518255,2.0973413887661405e-05,0.0972602545574424,0.0951629131686762,0.0930655717799101,0.090968230391144,-0.5129056519809907
0.1923847695390781,0.099299278061466,2.109784273935447e-05,0.0982443859244982,0.0961346016505628,0.0940248173766273,0.09191503310269195,-0.5243202309476283
0.1943887775551102,0.1002871910812522,2.1221157882977185e-05,0.0992261331871033,0.0971040173988056,0.0949819016105079,0.09285978582221019,-0.5356814762469406
0.1963927855711422,0.1012726213057381,2.1343368058565903e-05,0.1002054529028098,0.0980711160969532,0.0959367792910966,0.09380244248524003,-0.5469898328031301
0.1983967935871743,0.1022555258843137,2.146448181424349e-05,0.1011823017936015,0.0990358536121771,0.0968894054307528,0.09474295724932848,-0.5582457274893958
0.2004008016032064,0.1032358621212044,2.158450751193487e-05,0.1021566367456076,0.0999981859944141,0.0978397352432206,0.0956812844920272,-0.5694495700295635
0.2024048096192384,0.1042135874754716,2.1703453332852786e-05,0.1031284148088289,0.1009580694755436,0.0987877241422584,0.09661737880897313,-0.5806017538461363
0.2044088176352705,0.1051886595610122,2.182132728276537e-05,0.1040975931968739,0.1019154604685974,0.0997333277403208,0.09755119501204432,-0.5917026568584483
0.2064128256513026,0.1061610361465592,2.193813719705613e-05,0.1050641292867063,0.1028703155670007,0.1006765018472951,0.09848268812758955,-0.602752642234309
0.2084168336673346,0.1071306751556808,2.205389074558637e-05,0.1060279806184014,0.1038225915438428,0.1016172024692842,0.09941181339472557,-0.6137520590982695
0.2104208416833667,0.1080975346667814,2.216859543736955e-05,0.1069891048949129,0.1047722453511759,0.102555385807439,0.10033852626370206,-0.6247012431994029
0.2124248496993988,0.1090615729131008,2.228225862506665e-05,0.1079474599818474,0.1057192341193408,0.1034910082568341,0.10126278239432747,-0.6356005175412704
0.2144288577154308,0.1100227482827145,2.239488750931075e-05,0.1089030039072489,0.1066635151563178,0.1044240264053868,0.10218453765445573,-0.6464501929765494
0.2164328657314629,0.1109810193185339,2.250648914286901e-05,0.1098556948613904,0.1076050459471035,0.1053543970328166,0.10310374811852974,-0.657250568768609
0.2184368737474949,0.1119363447183059,2.261707043464941e-05,0.1108054911965734,0.1085437841531084,0.1062820771096435,0.1040203700661786,-0.6680019331221627
0.220440881763527,0.1128886833346132,2.272663815355945e-05,0.1117523514269352,0.1094796876115792,0.1072070237962233,0.10493435998086739,-0.6787045636849585
0.2224448897795591,0.1138379941748741,2.283519893222345e-05,0.1126962342282629,0.1104127143350405,0.1081291944418182,0.10584567454859589,-0.6893587280223358
0.2244488977955911,0.1147842364013425,2.2942759270564944e-05,0.1136370984378142,0.1113428225107577,0.1090485465837012,0.10675427065664476,-0.6999646840663466
0.2264529058116232,0.1157273693311081,2.304932553925996e-05,0.1145749030541451,0.1122699705002191,0.1099650379462931,0.10766010539236712,-0.7105226805410121
0.2284569138276553,0.1166673524360963,2.315490398306711e-05,0.1155096072369429,0.1131941168386362,0.1108786264403295,0.1085631360420228,-0.7210329573651832
0.2304609218436873,0.1176041453430681,2.325950072403976e-05,0.1164411703068661,0.1141152202344621,0.1117892701620581,0.10946332008965418,-0.7314957460343666
0.2324649298597194,0.11853770783362,2.336312176462541e-05,0.1173695517453887,0.1150332395689262,0.1126969273924636,0.1103606152160011,-0.741911269982785
0.2344689378757515,0.1194679998441844,2.3465772990657085e-05,0.1182947111946515,0.1159481338955858,0.1136015565965201,0.11125497929745441,-0.752279744926855
0.2364729458917835,0.120394981466029,2.356746017424148e-05,0.1192166084573169,0.1168598624398927,0.1145031164224686,0.1121463704050445,-0.7626013791911844
0.2384769539078156,0.1213186129452574,2.366818897654809e-05,0.12013520349643,0.1177683845987752,0.1154015657011203,0.11303474680346558,-0.7728763740181148
0.2404809619238476,0.1222388546828089,2.376796495050351e-05,0.1210504564352837,0.1186736599402333,0.116296863445183,0.11392006695013267,-0.7831049238617732
0.2424849699398797,0.1231556672344582,2.3866793543394835e-05,0.1219623275572884,0.1195756482029489,0.1171889688486094,0.11480228949427,-0.7932872166675236
0.2444889779559118,0.1240690113108156,2.3964680099385963e-05,0.1228707773058463,0.1204743092959077,0.1180778412859691,0.11568137327603051,-0.8034234341376605
0.2464929859719438,0.1249788477773273,2.406162986195025e-05,0.1237757662842297,0.1213696032980347,0.1189634403118397,0.11655727732564472,-0.8135137519841253
0.2484969939879759,0.1258851376542747,2.4157647976223008e-05,0.1246772552554635,0.1222614904578412,0.1198457256602189,0.11742996086259665,-0.823558340168974
0.250501002004008,0.1267878421167752,2.4252739491276947e-05,0.1255752051422113,0.1231499311930836,0.1207246572439559,0.11829938329482828,-0.8335573631332897
0.25250501002004,0.1276869224947814,2.4346909362323805e-05,0.1264695770266652,0.1240348860904328,0.1216001951542004,0.11916550421796807,-0.8435109800151739
0.2545090180360721,0.128582340273082,2.444016245284488e-05,0.1273603321504397,0.1249163159051552,0.1224722996598707,0.12002828341458628,-0.8534193448574247
0.2565130260521042,0.1294740570913006,2.4532503536653385e-05,0.1282474319144679,0.1257941815608026,0.1233409312071372,0.12088768085347193,-0.8632826068054584
0.2585170340681362,0.130362034743897,2.4623937299891203e-05,0.1291308378789024,0.1266684441489133,0.1242060504189241,0.12174365668893507,-0.8731009102960117
0.2605210420841683,0.1312462351801662,2.471446834296268e-05,0.130010511763018,0.1275390649287218,0.1250676180944255,0.12259617126012927,-0.8828743952371126
0.2625250501002004,0.132126620504239,2.4804101182407632e-05,0.1308864154451186,0.1284060053268778,0.1259255952086371,0.12344518509039634,-0.8926031971797942
0.2645290581162324,0.1330031529750815,2.4892840252716203e-05,0.1317585109624457,0.129269226937174,0.1267799429119024,0.12429065888663082,-0.90228744748198
0.2665330661322645,0.1338757950064956,2.49806899080874e-05,0.1326267605110912,0.1301286915202825,0.1276306225294737,0.125132553538665,-0.911927273464962
0.2685370741482966,0.1347445091671187,2.5067654424133745e-05,0.133491126445912,0.1309843610034986,0.1284775955610852,0.12597083011867188,-0.9215227985628496
0.2705410821643286,0.1356092581804235,2.515373799953373e-05,0.1343515712804468,0.1318361974804934,0.12932082368054,0.12680544988058667,-0.9310741424653602
0.2725450901803607,0.1364700049247186,2.5238944757634315e-05,0.1352080576868368,0.1326841632110734,0.13016026873531,0.1276363742595466,-0.940581421254288
0.2745490981963928,0.1373267124331479,2.5323278748004897e-05,0.1360605484957476,0.1335282206209471,0.1309958927461466,0.1284635648713462,-0.950044747533979
0.2765531062124248,0.1381793438936909,2.540674394794497e-05,0.1369090066962936,0.1343683323014991,0.1318276579067046,0.12928698351191018,-0.9594642305561112
0.2785571142284569,0.1390278626491626,2.5489344263946685e-05,0.1377533954359652,0.1352044610095706,0.1326555265831759,0.13010659215678125,-0.9688399763390708
0.280561122244489,0.1398722321972135,2.5571083533114256e-05,0.1385936780205578,0.1360365696672463,0.1334794613139349,0.13092235296062352,-0.9781720877821888
0.282565130260521,0.1407124161903296,2.565196552454153e-05,0.1394298179141025,0.1368646213616483,0.1342994248091942,0.13173422825674005,-0.9874606647750992
0.284569138276553,0.1415483784358325,2.5731993940649307e-05,0.1402617787388,0.1376885793447351,0.1351153799506702,0.13254218055660524,-0.9967058043024548
0.2865731462925851,0.1423800828958793,2.581117241848376e-05,0.1410895242749551,0.1385084070331067,0.1359272897912583,0.13334617254941,-1.0059076005442258
0.2885771543086172,0.1432074936874625,2.588950453097726e-05,0.1419130184609136,0.1393240680078159,0.1367351175547181,0.13414616710162044,-1.0150661449718
0.2905811623246492,0.14403057508241,2.596699378817301e-05,0.1427322253930013,0.140135526014184,0.1375388266353667,0.13494212725654944,-1.024181526440087
0.2925851703406813,0.1448492915073853,2.6043643638414577e-05,0.1435471093254645,0.1409427449616231,0.1383383805977816,0.13573401623394019,-1.0332538312758095
0.2945891783567134,0.1456636075438875,2.6119457469501647e-05,0.1443576346704124,0.1417456889234622,0.1391337431765121,0.13652179742956191,-1.0422831433621744
0.2965931863727454,0.1464734879282511,2.619443860981298e-05,0.1451637659977604,0.1425443221367791,0.1399248782757978,0.13730543441481655,-1.0512695442200866
0.2985971943887775,0.1472788975516458,2.626859032939784e-05,0.1459654680351759,0.1433386090022361,0.1407117499692963,0.13808489093635656,-1.0602131130860677
0.3006012024048096,0.148079801460077,2.6341915841036723e-05,0.1467627056680251,0.1441285140839214,0.1414943224998178,0.13886013091571414,-1.069113926987039
0.3026052104208416,0.1488761648543858,2.6414418301272623e-05,0.1475554439393221,0.1449140021091949,0.1422725602790676,0.13963111844894038,-1.077972060812107
0.3046092184368737,0.1496679530902481,2.6486100811413576e-05,0.1483436480496774,0.145695037968536,0.1430464278873947,0.14039781780625335,-1.0867875873814905
0.3066132264529058,0.1504551316781759,2.6556966418507585e-05,0.1491272833572505,0.1464715867153997,0.143815890073549,0.14116019343169825,-1.095560577512723
0.3086172344689378,0.1512376662835162,2.6627018116290624e-05,0.1499063153777016,0.1472436135660726,0.1445809117544435,0.14191820994281448,-1.1042911000842517
0.3106212424849699,0.1520155227264517,2.669625884610886e-05,0.1506807097841462,0.1480110838995353,0.1453414580149244,0.1426718321303136,-1.1129792220965466
0.312625250501002,0.1527886669820002,2.676469149781553e-05,0.1514504324071094,0.1487739632573278,0.1460974941075463,0.14342102495776476,-1.1216250087308386
0.314629258517034,0.1535570651800154,2.683231891064359e-05,0.1522154492344832,0.1495322173434188,0.1468489854523545,0.14416575356129016,-1.1302285234055836
0.3166332665330661,0.154320683605186,2.6899143874054737e-05,0.1529757264114832,0.1502858120240778,0.1475958976366723,0.14490598324926685,-1.13878982783076
0.3186372745490982,0.1550794886970363,2.6965169128565536e-05,0.153731230240608,0.1510347133277514,0.1483381964148949,0.14564167950203838,-1.147308982060087
0.3206412825651302,0.155833447049926,2.70303973665514e-05,0.1544819271815984,0.1517788874449432,0.1490758477082881,0.146372807971633,-1.155786044541263
0.3226452905811623,0.1565825254130501,2.709483123302901e-05,0.1552277838513986,0.1525183007280957,0.1498088176047928,0.14709933448148993,-1.1642210721643018
0.3246492985971944,0.157326690690439,2.715847332641803e-05,0.1559687670241181,0.1532529196914763,0.1505370723588344,0.1478212250261927,-1.1726141203080518
0.3266533066132264,0.1580659099409587,2.7221326199282347e-05,0.1567048436309946,0.1539827110110663,0.1512605783911381,0.1485384457712099,-1.1809652428849764
0.3286573146292585,0.1588001503783103,2.7283392359051908e-05,0.1574359807603577,0.1547076415244525,0.1519793022885473,0.14925096305264213,-1.1892744923842664
0.3306613226452906,0.1595293793710305,2.734467426872541e-05,0.1581621456575942,0.1554276782307217,0.1526932108038491,0.14995874337697662,-1.1975419199133572
0.3326653306613226,0.1602535644424912,2.7405174347554453e-05,0.1588833057251134,0.156142788290358,0.1534022708556026,0.15066175342084714,-1.205767575237917
0.3346693386773546,0.1609726732708997,2.74648949717098e-05,0.1595994285223142,0.1568529390251432,0.1541064495279722,0.15135996003080127,-1.2139515068203672
0.3366733466933867,0.1616866736892988,2.752383847493012e-05,0.1603104817655523,0.1575580979180592,0.1548057140705662,0.15205333022307324,-1.2220937618570002
0.3386773547094188,0.1623955336855665,2.758200714915389e-05,0.1610164333281088,0.1582582326131934,0.155500031898278,0.15274183118336265,-1.2301943863137443
0.3406813627254508,0.1630992214024162,2.763940324513466e-05,0.1617172512401594,0.158953310915646,0.1561893705911325,0.15342543026661906,-1.238253424960643
0.3426853707414829,0.1637977051373967,2.769602897304049e-05,0.1624129036887446,0.1596433007914406,0.1568736978941365,0.15410409499683253,-1.246270921405085
0.344689378757515,0.164490953342892,2.7751886503037644e-05,0.1631033590177401,0.1603281703674363,0.1575529817171325,0.15477779306682882,-1.2542469181238511
0.346693386773547,0.1651789346261215,2.7806977965859324e-05,0.1637885857278285,0.1610078879312426,0.1582271901346566,0.15544649233807073,-1.2621814564940117
0.3486973947895791,0.1658616177491401,2.786130545335951e-05,0.1644685524764721,0.1616824219311361,0.1588962913858002,0.15611016084046428,-1.270074576822729
0.3507014028056112,0.1665389716288376,2.791487101905264e-05,0.1651432280778849,0.1623517409759797,0.1595602538740744,0.15676876677216917,-1.277926318376004
0.3527054108216432,0.1672109653369397,2.796767667863919e-05,0.1658125815030077,0.1630158138351438,0.1602190461672799,0.15742227849941598,-1.2857367194064104
0.3547094188376753,0.1678775681000068,2.8019724410517822e-05,0.1664765818794809,0.1636746094384291,0.1608726369973773,0.15807066455632557,-1.2935058171798524
0.3567134268537074,0.168538749299435,2.8071016156284246e-05,0.1671351984916207,0.1643280968759923,0.1615209952603639,0.1587138936447355,-1.301233648001387
0.3587174348697394,0.1691944784714556,2.812155382121724e-05,0.1677884007803947,0.164976245398273,0.1621640900161512,0.15935193463402958,-1.3089202472401456
0.3607214428857715,0.1698447253071352,2.8171339274752124e-05,0.1684361583433976,0.1656190244159223,0.1628018904884471,0.15998475656097197,-1.316565649353389
0.3627254509018036,0.1704894596523756,2.822037435094208e-05,0.1690784409348285,0.1662564034997343,0.1634343660646401,0.1606123286295459,-1.3241698879097277
0.3647294589178356,0.1711286515079141,2.82686608489075e-05,0.1697152184654687,0.1668883523805779,0.1640614862956872,0.16123462021079646,-1.33173299561154
0.3667334669338677,0.1717622710293229,2.831620053327378e-05,0.1703464610026592,0.1675148409493318,0.1646832208960044,0.16185160084267708,-1.3392550043166185
0.3687374749498998,0.1723902885270099,2.8362995134597807e-05,0.17097213877028,0.1681358392568202,0.1652995397433604,0.1624632402299007,-1.34673594505907
0.3707414829659318,0.173012674466218,2.840904634978342e-05,0.1715922221487288,0.1687513175137505,0.1659104128787721,0.16306950824379382,-1.3541758480695023
0.3727454909819639,0.1736293994670254,2.845435584248607e-05,0.1722066816749011,0.1693612460906525,0.1665158105064038,0.16367037492215528,-1.3615747427945155
0.374749498997996,0.1742404343043456,2.8498925243507065e-05,0.1728154880421702,0.1699655955178195,0.1671157029934688,0.16426581046911815,-1.3689326579155336
0.376753507014028,0.1748457499079273,2.854275615117749e-05,0.1734186121003684,0.1705643364852506,0.1677100608701329,0.16485578525501518,-1.3762496213669857
0.3787575150300601,0.1754453173623544,2.8585850131732184e-05,0.1740160248557678,0.1711574398425945,0.1682988548294213,0.16544026981624815,-1.383525660353878
0.3807615230460922,0.1760391079070464,2.8628208719673886e-05,0.1746076974710627,0.1717448765990953,0.1688820557271279,0.16601923485516054,-1.3907608013687625
0.3827655310621242,0.1766270929362574,2.866983341812798e-05,0.175193601265351,0.1723266179235382,0.1694596345817254,0.1665926512399126,-1.397955070208129
0.3847695390781562,0.1772092439990772,2.8710725699187705e-05,0.1757737077141178,0.172902635144199,0.1700315625742802,0.1671604900043615,-1.405108491988245
0.3867735470941883,0.1777855327994307,2.875088700425047e-05,0.1763479884492182,0.1734728997487931,0.1705978110483681,0.16772272234794305,-1.412221091160457
0.3887775551102204,0.1783559311960781,2.879031874434516e-05,0.1769164152588608,0.1740373833844263,0.1711583515099918,0.16827931963555728,-1.4192928915259688
0.3907815631262524,0.1789204112026145,2.882902230045072e-05,0.1774789600875919,0.1745960578575469,0.1717131556275018,0.16883025339745675,-1.426323916250127
0.3927855711422845,0.1794789449874706,2.8866999023806305e-05,0.1780355950362803,0.1751488951338996,0.172262195231519,0.1693754953291384,-1.4333141878762157
0.3947895791583166,0.180031504873912,2.890425023621304e-05,0.1785862923621013,0.17569586733848,0.1728054423148587,0.16991501729123745,-1.4402637283387834
0.3967935871743486,0.1805780633400397,2.894077723032765e-05,0.1791310244785233,0.1762369467554905,0.1733428690324578,0.17044879130942503,-1.447172558976522
0.3987975951903807,0.1811185930187897,2.897658126994811e-05,0.1796697639552922,0.1767721058282974,0.1738744477013026,0.17097678957430784,-1.4540407005447036
0.4008016032064128,0.1816530666979334,2.901166359029152e-05,0.1802024835184188,0.1773013171593896,0.1744001508003605,0.17149898444133138,-1.460868173227194
0.4028056112224448,0.1821814573200771,2.9046025398264217e-05,0.1807291560501638,0.1778245535103374,0.174919950970511,0.1720153484306846,-1.4676549966480574
0.4048096192384769,0.1827037379826626,2.9079667872724576e-05,0.1812497545890263,0.1783417878017539,0.1754338210144814,0.172525854227209,-1.474401189882765
0.406813627254509,0.1832198819379665,2.911259216473829e-05,0.1817642523297296,0.1788529931132557,0.1759417338967819,0.1730304746803081,-1.4811067714690145
0.408817635270541,0.1837298625931009,2.914479939782656e-05,0.1822726226232095,0.1793581426834269,0.1764436627436442,0.1735291828038616,-1.4877717594171815
0.4108216432865731,0.1842336535100129,2.9176290668207145e-05,0.1827748389766025,0.1798572099097818,0.1769395808429611,0.17402195177614038,-1.4943961712204077
0.4128256513026052,0.1847312284054847,2.9207067045028604e-05,0.1832708750532332,0.1803501683487304,0.1774294616442275,0.17450875493972468,-1.5009800238643387
0.4148296593186372,0.1852225611511337,2.9237129570597607e-05,0.1837607046726038,0.180836991715544,0.1779132787584842,0.17498956580142452,-1.507523333836522
0.4168336673346693,0.1857076257734124,2.926647926059968e-05,0.1842443018103824,0.1813176538843224,0.1783910059582625,0.1754643580322025,-1.514026117135474
0.4188376753507014,0.1861863964536085,2.9295117104313347e-05,0.1847216405983928,0.1817921288879614,0.1788626171775301,0.1759331054670988,-1.5204883892794314
0.4208416833667334,0.1866588475278449,2.932304406481785e-05,0.185192695324604,0.1822603909181222,0.1793280865116404,0.17639578210515866,-1.526910165314785
0.4228456913827655,0.1871249534870794,2.935026107919462e-05,0.1856574404331196,0.1827224143252002,0.1797873882172807,0.17685236210936128,-1.533291459824217
0.4248496993987976,0.187584688977105,2.937676905872241e-05,0.1861158505241688,0.1831781736182966,0.1802404967124244,0.17730281980655216,-1.539632286934542
0.4268537074148296,0.1880380287985499,2.940256888906644e-05,0.1865679003540965,0.1836276434651899,0.1806873865762832,0.17774712968737663,-1.545932660324262
0.4288577154308617,0.1884849479068774,2.942766143046148e-05,0.1870135648353543,0.1840707986923081,0.181128032549262,0.17818526640621588,-1.5521925932308462
0.4308617234468938,0.1889254214123858,2.9452047517889067e-05,0.1874528190364913,0.1845076142847024,0.1815624095329135,0.17861720478112464,-1.5584120984577374
0.4328657314629258,0.1893594245802085,2.947572796124889e-05,0.187885638182146,0.1849380653860211,0.1819904925898962,0.17904291979377138,-1.5645911883810997
0.4348697394789579,0.1897869328303139,2.9498703545524425e-05,0.1883119976530376,0.1853621272984852,0.1824122569439328,0.17946238658938035,-1.5707298749563008
0.4368737474949899,0.1902079217375059,2.952097503094301e-05,0.1887318729859587,0.1857797754828644,0.1828276779797701,0.17987558047667584,-1.576828169724158
0.438877755511022,0.190622367031423,2.954254315313029e-05,0.1891452398737664,0.1861909855584534,0.1832367312431404,0.1802824769278274,-1.5828860838169274
0.440881763527054,0.1910302445965389,2.9563408623259268e-05,0.1895520741653759,0.18659573330305,0.183639392440724,0.18068305157839815,-1.5889036279640618
0.4428857715430861,0.1914315304721626,2.9583572128193875e-05,0.1899523518657529,0.1869939946529335,0.1840356374401141,0.18107728022729475,-1.594880812497737
0.4448897795591182,0.1918262008524378,2.960303433062734e-05,0.1903460491359064,0.1873857457028437,0.1844254422697809,0.18146513883671822,-1.6008176473581484
0.4468937875751502,0.1922142320863435,2.96217958692152e-05,0.1907331422928827,0.1877709627059612,0.1848087831190397,0.18184660353211818,-1.6067141420985882
0.4488977955911823,0.1925956006776937,2.9639857358703145e-05,0.1911136078097585,0.1881496220738882,0.1851856363380179,0.18222165060214762,-1.6125703058903056
0.4509018036072144,0.1929702832851375,2.9657219390049883e-05,0.191487422315635,0.18852170037663,0.185555978437625,0.18259025649862004,-1.618386147527153
0.4529058116232464,0.1933382567221588,2.9673882530544733e-05,0.1918545625956315,0.188887174342577,0.1859197860895226,0.18295239783646813,-1.6241616754300292
0.4549098196392785,0.1936994979570768,2.9689847323920405e-05,0.1922150055908807,0.1892460208584887,0.1862770361260967,0.18330805139370465,-1.6298968976511157
0.4569138276553106,0.1940539841130455,2.9705114290460774e-05,0.1925687283985224,0.1895982169694763,0.1866277055404303,0.18365719411138423,-1.6355918218779126
0.4589178356713426,0.1944016924680543,2.9719683927103737e-05,0.1929157082716991,0.1899437398789887,0.1869717714862783,0.183999803093568,-1.6412464554370856
0.4609218436873747,0.194742600454927,2.973355670753936e-05,0.19325592261955,0.190282566948796,0.1873092112780421,0.1843358556072882,-1.646860805298113
0.4629258517034068,0.1950766856613231,2.974673308230306e-05,0.1935893490072079,0.1906146756989776,0.1876400023907473,0.18466532908251704,-1.6524348780767515
0.4649298597194388,0.1954039258297366,2.9759213478864232e-05,0.1939159651557933,0.1909400438079069,0.1879641224600205,0.1849882011121341,-1.6579686800383115
0.4669338677354709,0.1957242988574966,2.9770998301710084e-05,0.194235748942411,0.19125864911224,0.188281549282069,0.18530444945189806,-1.6634622171007545
0.468937875751503,0.1960377827967674,2.978208793242483e-05,0.1945486784001461,0.1915704696069036,0.1885922608136611,0.1856140520204187,-1.6689154948376084
0.470941883767535,0.1963443558545482,2.97924827297643e-05,0.19485473171806,0.1918754834450835,0.1888962351721071,0.1859169868991307,-1.6743285184807093
0.4729458917835671,0.196643996392673,2.9802183029725965e-05,0.1951538872411867,0.1921736689382141,0.1891934506352415,0.1862132323322689,-1.679701292922765
0.4749498997995992,0.196936682927811,2.9811189145614406e-05,0.1954461234705302,0.1924650045559688,0.1894838856414074,0.18650276672684596,-1.6850338227197523
0.4769539078156312,0.1972223941314661,2.9819501368102312e-05,0.195731419063061,0.1927494689262507,0.1897675187894405,0.1867855686526303,-1.6903261120931414
0.4789579158316633,0.1975011088299775,2.982711996528693e-05,0.1960097528317131,0.1930270408351844,0.1900443288386557,0.18706161684212708,-1.6955781649319537
0.4809619238476953,0.1977728060045192,2.9834045182742163e-05,0.1962811037453821,0.1932976992271078,0.1903142947088336,0.18733089019055946,-1.7007899847946537
0.4829659318637274,0.1980374647911002,2.9840277243566164e-05,0.1965454509289219,0.1935614232045653,0.1905773954802086,0.18759336775585206,-1.7059615749108803
0.4849699398797595,0.1982950644805643,2.9845816348424555e-05,0.196802773663143,0.1938181920283006,0.1908336103934581,0.1878490287586157,-1.7110929381830116
0.4869739478957915,0.1985455845185904,2.985066267558926e-05,0.1970530513848109,0.194067985117252,0.191082918849693,0.18809785258213416,-1.7161840771875716
0.4889779559118236,0.1987890045056923,2.9854816380972988e-05,0.1972962636866436,0.1943107820485463,0.191325300410449,0.18833981877235176,-1.7212349941764764
0.4909819639278556,0.1990253041972186,2.9858277598159355e-05,0.1975323903173106,0.1945465625574947,0.1915607347976787,0.1885749070378628,-1.7262456910781248
0.4929859719438877,0.1992544635033532,2.98610464384287e-05,0.1977614111814317,0.1947753065375889,0.191789201893746,0.18880309724990316,-1.731216169498326
0.4949899799599198,0.1994764624891145,2.986312299077952e-05,0.1979833063395755,0.1949969940404975,0.1920106817414196,0.18902436944234166,-1.736146430721078
0.4969939879759518,0.199691281374356,2.986450732194569e-05,0.1981980560082587,0.1952116052760641,0.1922251545438695,0.18923870381167499,-1.7410364757091823
0.4989979959919839,0.1998989005337661,2.9865199476409328e-05,0.1984056405599456,0.1954191206123047,0.1924326006646637,0.18944608071702285,-1.745886305104712
0.501002004008016,0.2000993004968681,2.986519947640933e-05,0.1986060405230476,0.1956195205754067,0.1926330006277657,0.18964648068012485,-1.7506959192293174
0.503006012024048,0.2002924619480202,2.986450732194569e-05,0.1987992365819229,0.1958127858497283,0.1928263351175337,0.1898398843853392,-1.7554653180843816
0.5050100200400801,0.2004783657264154,2.986312299077952e-05,0.1989852095768764,0.1959988972777984,0.1930125849787205,0.19002627267964256,-1.760194501351021
0.5070140280561122,0.2006569928260818,2.98610464384287e-05,0.1991639405041603,0.1961778358603174,0.1931917312164746,0.19020562657263174,-1.7648834683899297
0.5090180360721442,0.2008283243958823,2.9858277598159355e-05,0.1993354105159743,0.1963495827561584,0.1933637549963424,0.19037792723652652,-1.769532218241071
0.5110220440881763,0.2009923417395145,2.9854816380972988e-05,0.1994996009204658,0.1965141192823685,0.1935286376442712,0.19054315600617394,-1.7741407496232164
0.5130260521042084,0.2011490263155111,2.985066267558926e-05,0.1996564931817316,0.1966714269141727,0.1936863606466138,0.19070129437905486,-1.7787090609333207
0.5150300601202404,0.2012983597372395,2.9845816348424555e-05,0.1998060689198182,0.1968214872849758,0.1938369056501333,0.1908523240152909,-1.7832371502457534
0.5170340681362725,0.201440323772902,2.9840277243566164e-05,0.1999483099107236,0.196964282186367,0.1939802544620104,0.19099622673765385,-1.7877250153113635
0.5190380761523046,0.201574900345536,2.9834045182742163e-05,0.2000831980863988,0.1970997935681246,0.1941163890498504,0.19113298453157623,-1.792172653556395
0.5210420841683366,0.2017020715330133,2.9827119965286925e-05,0.2002107155347489,0.1972280035382202,0.1942452915416915,0.19126257954516288,-1.7965800620812356
0.5230460921843687,0.2018218195680409,2.981950136810231e-05,0.2003308444996357,0.1973488943628255,0.1943669442260153,0.1913849940892051,-1.8009472376590137
0.5250501002004008,0.2019341268381605,2.9811189145614406e-05,0.2004435673808798,0.1974624484663183,0.1944813295517569,0.19150021063719547,-1.8052741767340303
0.5270541082164328,0.2020389758857486,2.9802183029725965e-05,0.2005488667342623,0.1975686484312897,0.1945884301283171,0.19160821182534452,-1.809560875420032
0.5290581162324649,0.2021363494080166,2.97924827297643e-05,0.2006467252715284,0.1976674769985519,0.1946882287255755,0.1917089804525991,-1.8138073294983128
0.531062124248497,0.2022262302570107,2.9782087932424827e-05,0.2007371258603894,0.1977589170671469,0.1947807082739044,0.191802499480662,-1.8180135344156656
0.533066132264529,0.2023086014396119,2.9770998301710084e-05,0.2008200515245264,0.1978429516943554,0.1948658518641844,0.19188875203401337,-1.822179485282148
0.5350701402805611,0.2023834461175361,2.9759213478864232e-05,0.2008954854435928,0.1979195640957064,0.19494364274782,0.1919677213999336,-1.826305176868689
0.5370741482965932,0.2024507476073337,2.974673308230306e-05,0.2009634109532185,0.1979887376449882,0.1950140643367579,0.19203939102852763,-1.8303906036045288
0.5390781563126252,0.2025104893803904,2.9733556707539352e-05,0.2010238115450134,0.1980504558742595,0.1950771002035055,0.19210374453275164,-1.8344357595744727
0.5410821643286573,0.2025626550629263,2.971968392710374e-05,0.2010766708665711,0.1981047024738607,0.1951327340811503,0.19216076568844,-1.8384406385159768
0.5430861723446894,0.2026072284359964,2.9705114290460774e-05,0.2011219727214733,0.1981514612924272,0.1951809498633812,0.19221043843433513,-1.84240523381605
0.5450901803607214,0.2026441934354905,2.968984732392041e-05,0.2011597010692944,0.1981907163369024,0.1952217316045104,0.19225274687211835,-1.8463295385079808
0.5470941883767535,0.2026735341521331,2.9673882530544733e-05,0.2011898400256058,0.1982224517725513,0.1952550635194969,0.19228767526644244,-1.8502135452678723
0.5490981963927856,0.2026952348314836,2.9657219390049883e-05,0.2012123738619811,0.1982466519229761,0.1952809299839711,0.19231520804496616,-1.854057246410988
0.5511022044088176,0.202709279873936,2.9639857358703145e-05,0.2012272870060008,0.1982633012701305,0.1952993155342602,0.1923353297983899,-1.857860633887914
0.5531062124248497,0.2027156538347194,2.96217958692152e-05,0.2012345640412586,0.1982723844543371,0.1953102048674156,0.19234802528049408,-1.8616236992805189
0.5551102204408818,0.2027143414238972,2.960303433062734e-05,0.2012341897073658,0.1982738862743031,0.1953135828412403,0.19235327940817762,-1.865346433797716
0.5571142284569138,0.2027053275063677,2.9583572128193875e-05,0.201226148899958,0.1982677916871386,0.1953094344743192,0.19235107726149983,-1.8690288282710232
0.5591182364729459,0.2026885971018642,2.9563408623259268e-05,0.2012104266707012,0.1982540858083753,0.1952977449460494,0.19234140408372347,-1.8726708731499149
0.561122244488978,0.2026641353849545,2.954254315313029e-05,0.201187008227298,0.1982327539119849,0.1952784995966719,0.1923242452813589,-1.876272558496962
0.56312625250501,0.2026319276850411,2.952097503094301e-05,0.2011558789334939,0.1982037814303996,0.1952516839273053,0.19229958642421105,-1.879833873982756
0.565130260521042,0.2025919594863614,2.949870354552443e-05,0.2011170243090851,0.1981671539545327,0.1952172835999803,0.19226741324542787,-1.883354808880609
0.567134268537074,0.2025442164279873,2.947572796124889e-05,0.2010704300299248,0.1981228572337999,0.1951752844376751,0.1922277116415502,-1.8868353520610328
0.5691382765531061,0.2024886843038256,2.9452047517889067e-05,0.2010160819279311,0.1980708771761422,0.1951256724243533,0.19218046767256444,-1.8902754919859777
0.5711422845691382,0.2024253490626178,2.942766143046148e-05,0.2009539659910947,0.1980111998480485,0.1950684337050024,0.1921256675619563,-1.8936752167028408
0.5731462925851702,0.2023541968079399,2.940256888906644e-05,0.2008840683634865,0.1979438114745799,0.1950035545856732,0.19206329769676664,-1.8970345138382247
0.5751503006012023,0.2022752137982029,2.937676905872241e-05,0.2008063753452667,0.1978686984393945,0.1949310215335223,0.19199334462765005,-1.900353370591456
0.5771543086172344,0.2021883864466523,2.935026107919462e-05,0.2007208733926925,0.1977858472847731,0.1948508211768536,0.1919157950689342,-1.903631773727828
0.5791583166332664,0.2020937013213684,2.932304406481785e-05,0.2006275491181275,0.1976952447116457,0.1947629403051639,0.19183063589868216,-1.906869709571607
0.5811623246492985,0.2019911451452659,2.9295117104313347e-05,0.2005263892900502,0.1975968775796188,0.1946673658691875,0.19173785415875622,-1.9100671639987448
0.5831663326653306,0.2018807047960945,2.926647926059968e-05,0.2004173808330645,0.1974907329070045,0.1945640849809445,0.1916374370548846,-1.913224122429328
0.5851703406813626,0.2017623673064386,2.923712957059761e-05,0.2003005108279087,0.1973767978708489,0.1944530849137891,0.19152937195672942,-1.916340569819729
0.5871743486973947,0.201636119863717,2.9207067045028604e-05,0.2001757665114655,0.1972550598069627,0.1943343531024598,0.19141364639795697,-1.9194164906544808
0.5891783567134268,0.2015019498101833,2.9176290668207145e-05,0.2000431352767729,0.1971255062099522,0.1942078771431315,0.1912902480763108,-1.922451868937831
0.5911823647294588,0.2013598446429257,2.914479939782656e-05,0.1999026046730343,0.1969881247332517,0.194073644793469,0.1911591648536864,-1.925446688185
0.5931863727454909,0.2012097920138671,2.9112592164738297e-05,0.1997541624056301,0.1968429031891563,0.1939316439726825,0.1910203847562087,-1.9284009314131083
0.595190380761523,0.2010517797297651,2.907966787272458e-05,0.1995977963361288,0.1966898295488564,0.1937818627615839,0.19087389597431148,-1.9313145811317816
0.597194388777555,0.2008857957522118,2.9046025398264217e-05,0.1994334944822985,0.1965288919424721,0.1936242894026457,0.19071968686281932,-1.9341876193334104
0.5991983967935871,0.2007118281976341,2.901166359029152e-05,0.1992612450181195,0.1963600786590904,0.1934589123000612,0.1905577459410321,-1.9370200274830631
0.6012024048096192,0.2005298653372933,2.897658126994812e-05,0.1990810362737959,0.1961833781468011,0.1932857200198062,0.19038806189281146,-1.939811786508036
0.6032064128256512,0.2003398955972855,2.894077723032765e-05,0.1988928567357691,0.1959987790127363,0.1931047012897035,0.19021062356667082,-1.942562876787031
0.6052104208416833,0.2001419075585414,2.890425023621304e-05,0.1986966950467307,0.1958062700231094,0.1929158449994881,0.19002541997586683,-1.9452732781389488
0.6072144288577154,0.1999358899568263,2.8866999023806305e-05,0.198492540005636,0.1956058401032553,0.1927191402008747,0.18983244029849408,-1.947942969811285
0.6092184368737474,0.1997218316827399,2.8829022300450723e-05,0.1982803805677173,0.1953974783376723,0.1925145761076272,0.18963167387758215,-1.9505719304681128
0.6112224448897795,0.1994997217817169,2.879031874434516e-05,0.1980602058444996,0.1951811739700651,0.1923021420956306,0.1894231102211961,-1.9531601381776509
0.6132264529058116,0.1992695494540262,2.875088700425047e-05,0.1978320051038136,0.1949569164033886,0.1920818277029636,0.18920673900253854,-1.9557075703993807
0.6152304609218436,0.1990313040547716,2.8710725699187705e-05,0.1975957677698122,0.1947246951998934,0.1918536226299746,0.1889825500600559,-1.958214203970725
0.6172344689378757,0.1987849750938912,2.866983341812798e-05,0.1973514834229848,0.194484500081172,0.1916175167393592,0.1887505333975464,-1.960680015093244
0.6192384769539078,0.198530552236158,2.8628208719673893e-05,0.1970991418001743,0.1942363209282069,0.1913735000562395,0.18851067918427214,-1.96310497931836
0.6212424849699398,0.1982680253011791,2.8585850131732184e-05,0.1968387327945925,0.1939801477814192,0.191121562768246,0.18826297775507284,-1.9654890715325688
0.6232464929859719,0.1979973842633968,2.854275615117749e-05,0.1965702464558379,0.1937159708407201,0.1908616952256024,0.18800741961048467,-1.9678322659421508
0.625250501002004,0.1977186192520874,2.8498925243507065e-05,0.196293672989912,0.1934437804655613,0.1905938879412106,0.18774399541685993,-1.9701345360573184
0.627254509018036,0.197431720551362,2.845435584248607e-05,0.1960090027592377,0.1931635671749891,0.1903181315907404,0.18747269600649186,-1.972395854675833
0.6292585170340681,0.1971366786001662,2.840904634978342e-05,0.195716226282677,0.1928753216476987,0.1900344170127203,0.187193512377742,-1.974616193866032
0.6312625250501002,0.1968334839922802,2.8362995134597807e-05,0.1954153342355503,0.1925790347220905,0.1897427352086307,0.18690643569517099,-1.9767955249492564
0.6332665330661322,0.1965221274763187,2.831620053327378e-05,0.195106317449655,0.1922746973963276,0.1894430773430002,0.18661145728967288,-1.978933818481675
0.6352705410821643,0.1962025999557309,2.82686608489075e-05,0.1947891669132855,0.1919623008283947,0.189135434743504,0.18630856865861325,-1.9810310442354453
0.6372745490981964,0.1958748924888005,2.822037435094208e-05,0.1944638737712534,0.1916418363361592,0.1888197989010649,0.18599776146597077,-1.983087171179228
0.6392785571142284,0.1955389962886458,2.8171339274752127e-05,0.1941304293249081,0.1913132953974329,0.1884961614699577,0.18567902754248256,-1.985102167457996
0.6412825651302605,0.1951949027232198,2.812155382121724e-05,0.1937888250321589,0.1909766696500372,0.1881645142679154,0.18535235888579377,-1.9870760003721384
0.6432865731462926,0.1948426033153095,2.8071016156284253e-05,0.1934390525074953,0.1906319508918668,0.1878248492762384,0.18501774766061002,-1.989008636355812
0.6452905811623246,0.1944820897425369,2.801972441051783e-05,0.193081103522011,0.1902791310809592,0.1874771586399074,0.18467518619885565,-1.99090004095452
0.6472945891783567,0.1941133538373583,2.796767667863919e-05,0.1927149700034263,0.1899182023355624,0.1871214346676985,0.1843246669998346,-1.9927501788019
0.6492985971943888,0.1937363875870643,2.791487101905264e-05,0.1923406440361116,0.1895491569342064,0.1867576698323011,0.18396618273039586,-1.9945590135956603
0.6513026052104208,0.1933511831337804,2.7861305453359515e-05,0.1919581178611124,0.1891719873157764,0.1863858567704405,0.1835997262251046,-1.996326508072664
0.6533066132264529,0.1929577327744663,2.7806977965859324e-05,0.1915673838761733,0.1887866860795874,0.1860059882830014,0.18322529048641553,-1.998052623983105
0.655310621242485,0.1925560289609163,2.7751886503037644e-05,0.1911684346357644,0.1883932459854606,0.1856180573351569,0.18284286868485314,-1.9997373220637469
0.657314629258517,0.192146064299759,2.769602897304048e-05,0.1907612628511069,0.1879916599538029,0.1852220570564988,0.18245245415919484,-2.0013805620101945
0.6593186372745491,0.1917278315524576,2.763940324513467e-05,0.1903458613902008,0.1875819210656873,0.1848179807411739,0.18205404041666046,-2.002982302448145
0.6613226452905812,0.1913013236353098,2.758200714915389e-05,0.1899222232778521,0.1871640225629367,0.1844058218480213,0.18164762113310595,-2.004542500903584
0.6633266533066132,0.1908665336194476,2.752383847493013e-05,0.1894903416957011,0.1867379578482081,0.183985574000715,0.18123319015322206,-2.006061113771888
0.6653306613226453,0.1904234547308377,2.74648949717098e-05,0.1890502099822522,0.1863037204850812,0.1835572309879102,0.18081074149073925,-2.0075380962857823
0.6673346693386772,0.189972080350281,2.740517434755446e-05,0.1886018216329032,0.1858613041981478,0.1831207867633923,0.18038026932863693,-2.008973402482104
0.6693386773547093,0.1895124040134128,2.734467426872541e-05,0.1881451702999765,0.185410702873104,0.1826762354462314,0.1799417680193589,-2.0103669851673263
0.6713426853707414,0.1890444194107032,2.7283392359051915e-05,0.1876802497927506,0.1849519105568454,0.1822235713209402,0.17949523208503504,-2.011718795881796
0.6733466933867734,0.1885681203874563,2.7221326199282347e-05,0.1872070540774922,0.1844849214575639,0.1817627888376357,0.17904065621770748,-2.013028784862612
0.6753507014028055,0.1880835009438109,2.715847332641804e-05,0.18672557727749,0.1840097299448482,0.1812938826122064,0.1785780352795646,-2.014296901005103
0.6773547094188376,0.1875905552347401,2.7094831233029028e-05,0.1862358136730886,0.1835263305497857,0.1808168474264828,0.17810736430317994,-2.0155230918228466
0.6793587174348696,0.1870892775700514,2.7030397366551404e-05,0.1857377577017238,0.1830347179650686,0.1803316782284135,0.1776286384917584,-2.0167073034061462
0.6813627254509017,0.1865796624143866,2.6965169128565547e-05,0.1852314039579583,0.1825348870451017,0.1798383701322452,0.17714185321938863,-2.01784948037892
0.6833667334669338,0.1860617043872223,2.6899143874054747e-05,0.1847167471935195,0.1820268328061141,0.1793369184187086,0.17664700403130315,-2.018949565853919
0.6853707414829658,0.1855353982628691,2.68323189106436e-05,0.1841937823173369,0.1815105504262725,0.1788273185352082,0.17614408664414385,-2.020007501386213
0.6873747494989979,0.1850007389704721,2.676469149781553e-05,0.1836625043955813,0.1809860352457997,0.1783095660960182,0.17563309694623666,-2.02102322692485
0.68937875751503,0.1844577215940108,2.6696258846108867e-05,0.1831229086517053,0.1804532827670944,0.1777836568824836,0.1751140309978727,-2.021996680762616
0.691382765531062,0.183906341372299,2.662701811629064e-05,0.1825749904664844,0.1799122886548554,0.1772495868432263,0.17458688503159728,-2.022927799483824
0.6933867735470941,0.1833465936989851,2.6556966418507585e-05,0.1820187453780597,0.1793630487362089,0.1767073520943582,0.17405165545250745,-2.0238165179100083
0.6953907815631262,0.1827784741225516,2.6486100811413583e-05,0.1814541690819809,0.1788055590008395,0.1761569489196982,0.17350833883855685,-2.024662769043466
0.6973947895791582,0.1822019783463155,2.641441830127264e-05,0.1808812574312518,0.1782398156011246,0.1755983737709973,0.17295693194087006,-2.025466484008517
0.6993987975951903,0.1816171022284281,2.634191584103673e-05,0.1803000064363762,0.1776658148522726,0.1750316232681689,0.17239743168406527,-2.0262275919903927
0.7014028056112224,0.1810238417818751,2.626859032939785e-05,0.1797104122654052,0.1770835532324654,0.1744566941995256,0.17182983516658587,-2.0269460201716427
0.7034068136272544,0.1804221931744765,2.619443860981299e-05,0.1791124712439858,0.1764930273830045,0.1738735835220232,0.17125413966104194,-2.027621693665926
0.7054108216432865,0.1798121527288866,2.6119457469501647e-05,0.1785061798554115,0.1758942341084613,0.1732822883615112,0.17067034261456102,-2.0282545354490886
0.7074148296593186,0.1791937169225942,2.6043643638414584e-05,0.1778915347406734,0.175287170376832,0.1726828060129905,0.1700784416491491,-2.028844466287375
0.7094188376753506,0.1785668823879221,2.596699378817301e-05,0.1772685326985134,0.1746718333196961,0.1720751339408788,0.16947843456206155,-2.029391404662647
0.7114228456913827,0.1779316459120279,2.5889504530977268e-05,0.176637170685479,0.1740482202323813,0.1714592697792835,0.16887031932618585,-2.029895266694465
0.7134268537074148,0.1772880044369031,2.5811172418483764e-05,0.1759974458159789,0.1734163285741305,0.1708352113322821,0.1682540940904338,-2.030355966058872
0.7154308617234468,0.1766359550593736,2.573199394064932e-05,0.1753493553623411,0.1727761559682762,0.1702029565742112,0.16762975718014633,-2.030773413903725
0.7174348697394789,0.1759754950310999,2.5651965524541533e-05,0.1746928967548728,0.1721277002024187,0.1695625036499645,0.16699730709751037,-2.031147518760404
0.719438877755511,0.1753066217585762,2.5571083533114256e-05,0.1740280675819205,0.171470959228609,0.1689138508752976,0.1663567425219862,-2.031478186451704
0.721442885771543,0.1746293328031317,2.548934426394669e-05,0.1733548655899343,0.1708059311635397,0.168256996737145,0.16570806231075036,-2.031765319995739
0.7234468937875751,0.1739436258809293,2.540674394794497e-05,0.172673288683532,0.1701326142887375,0.167591939893943,0.16505126549914856,-2.0320088195056427
0.7254509018036072,0.1732494988629664,2.5323278748004897e-05,0.1719833349255661,0.1694510070507656,0.1669186791759651,0.1643863513011647,-2.032208582084849
0.7274549098196392,0.172546949775075,2.5238944757634315e-05,0.1712850025371932,0.1687611080614298,0.1662372135856664,0.163713319109903,-2.03236450171774
0.7294589178356713,0.1718359767979208,2.515373799953373e-05,0.1705782898979441,0.1680629160979907,0.1655475422980373,0.163032168498084,-2.0324764691554025
0.7314629258517034,0.171116578267004,2.5067654424133745e-05,0.1698631955457973,0.1673564301033839,0.1648496646609705,0.16234289921855719,-2.032544371796259
0.7334669338677354,0.1703887526726593,2.4980689908087407e-05,0.1691397181772549,0.1666416491864462,0.1641435801956374,0.1616455112048287,-2.032568093561281
0.7354709418837675,0.1696524986600553,2.4892840252716203e-05,0.1684078566474195,0.1659185726221478,0.1634292885968762,0.16094000457160462,-2.032547514763518
0.7374749498997996,0.168907815029195,2.480410118240764e-05,0.1676676099700746,0.1651871998518338,0.1627067897335931,0.16022637961535233,-2.0324825119716263
0.7394789579158316,0.1681547007349158,2.471446834296268e-05,0.1669189773177676,0.1644475304834714,0.1619760836491751,0.15950463681487886,-2.0323729578670817
0.7414829659318637,0.167393154886889,2.462393729989121e-05,0.1661619580218944,0.1636995642919053,0.1612371705619162,0.15877477683192706,-2.0322187210947265
0.7434869739478958,0.1666231767496204,2.4532503536653385e-05,0.1653965515727877,0.1629433012191224,0.160490050865457,0.15803680051179173,-2.032019666106294
0.7454909819639278,0.1658447657424499,2.4440162452844887e-05,0.1646227576198076,0.1621787413745231,0.1597347251292387,0.1572907088839542,-2.031775652996524
0.7474949899799599,0.1650579214395517,2.434690936232381e-05,0.1638405759714355,0.1614058850352031,0.1589711940989707,0.15653650316273837,-2.031486537331445
0.749498997995992,0.164262643569934,2.425273949127695e-05,0.1630500065953701,0.1606247326462424,0.1581994586971147,0.15577418474798707,-2.0311521699684087
0.751503006012024,0.1634589320174397,2.4157647976223008e-05,0.1622510496186285,0.1598352848210062,0.1574195200233839,0.15500375522576162,-2.0307723968673823
0.7535070140280561,0.1626467868207453,2.4061629861950257e-05,0.1614437053276478,0.1590375423414527,0.1566313793552577,0.1542252163690627,-2.030347058893032
0.7555110220440882,0.1618262081733619,2.396468009938597e-05,0.1606279741683926,0.158231506158454,0.1558350381485154,0.1534385701385768,-2.029875991607041
0.7575150300601202,0.1609971964236348,2.3866793543394835e-05,0.159803856746465,0.1574171773921255,0.1550304980377861,0.15264381868344662,-2.0293590250501183
0.7595190380761523,0.1601597520747431,2.376796495050351e-05,0.1589713538272179,0.1565945573321675,0.1542177608371172,0.15184096434206687,-2.0287959835130915
0.7615230460921844,0.1593138757847005,2.366818897654809e-05,0.158130466335873,0.1557636474382182,0.1533968285405634,0.15103000964290866,-2.028186685296431
0.7635270541082164,0.1584595683663548,2.356746017424148e-05,0.1572811953576427,0.1549244493402185,0.1525677033227944,0.1502109573053703,-2.027530942457541
0.7655310621242485,0.1575968307873878,2.3465772990657085e-05,0.1564235421378549,0.1540769648387892,0.1517303875397235,0.1493838102406578,-2.02682856054506
0.7675350701402806,0.1567256641703155,2.336312176462541e-05,0.1555575080820842,0.1532211959056217,0.1508848837291591,0.1485485715526966,-2.026079338319412
0.7695390781563125,0.1558460697924883,2.325950072403977e-05,0.1546830947562863,0.1523571446838823,0.1500311946114783,0.14770524453907438,-2.025283067458758
0.7715430861723446,0.1549580490860904,2.315490398306711e-05,0.153800303886937,0.1514848134886303,0.1491693230903236,0.1468538326920169,-2.024439532249447
0.7735470941883766,0.1540616036381404,2.304932553925996e-05,0.1529091373611774,0.1506042048072514,0.1482992722533254,0.1459943396993994,-2.0235485092600225
0.7755511022044087,0.153156735190491,2.294275927056495e-05,0.1520095972269627,0.1497153212999062,0.1474210453728497,0.14512676944579328,-2.0226097669977454
0.7775551102204408,0.1522434456398289,2.283519893222346e-05,0.1511016856932177,0.1488181657999953,0.146534645906773,0.14425112601355067,-2.0216230655465304
0.7795591182364728,0.1513217370376751,2.272663815355946e-05,0.1501854051299971,0.1479127413146412,0.1456400774992852,0.14336741368392927,-2.020588156185123
0.7815631262525049,0.1503916115903848,2.2617070434649423e-05,0.1492607580686523,0.1469990510251874,0.1447373439817224,0.14247563693825752,-2.0195047809842386
0.783567134268537,0.1494530716591469,2.250648914286901e-05,0.1483277472020034,0.1460770982877165,0.1438264493734296,0.14157580045914275,-2.018372672381304
0.785571142284569,0.148506119759985,2.239488750931076e-05,0.1473863753845194,0.1451468866335884,0.1429073978826573,0.14066790913172625,-2.0171915527313367
0.7875751503006011,0.1475507585637562,2.228225862506665e-05,0.1464366456325029,0.1442084197699962,0.1419801939074895,0.13975196804498288,-2.015961133832392
0.7895791583166332,0.1465869908961523,2.2168595437369555e-05,0.1454785611242838,0.1432617015805468,0.1410448420368099,0.13882798249307296,-2.014681116423865
0.7915831663326652,0.1456148197376988,2.205389074558638e-05,0.1445121252004194,0.1423067361258608,0.1401013470513022,0.13789595797674356,-2.0133511896558467
0.7935871743486973,0.1446342482237553,2.1938137197056144e-05,0.1435373413639025,0.1413435276441969,0.1391497139244912,0.13695590020478565,-2.0119710305275422
0.7955911823647294,0.1436452796445158,2.182132728276538e-05,0.1425542132803775,0.140372080552101,0.1381899478238244,0.1360078150955479,-2.0105403032926445
0.7975951903807614,0.142647917445008,2.1703453332852786e-05,0.1415627447783653,0.13939239944508,0.1372220541117947,0.13505170877850953,-2.0090586588293693
0.7995991983967935,0.1416421652250939,2.158450751193488e-05,0.1405629398494971,0.1384044890983036,0.1362460383471102,0.13408758759591669,-2.007525733972674
0.8016032064128256,0.1406280267394697,2.14644818142435e-05,0.1395548026487575,0.1374083544673331,0.1352619062859088,0.13311545810448447,-2.0059411508059903
0.8036072144288576,0.1396055058976652,2.1343368058565907e-05,0.1385383374947369,0.1364040006888803,0.1342696638830237,0.13213532707716713,-2.0043045159095825
0.8056112224448897,0.1385746067640447,2.1221157882977195e-05,0.1375135488698958,0.1353914330815981,0.1332693172933004,0.1311472015050027,-2.002615419562391
0.8076152304609218,0.1375353335578064,2.1097842739354475e-05,0.1364804414208386,0.1343706571469032,0.1322608728729677,0.13015108859903232,-2.000873434893984
0.8096192384769538,0.1364876906529825,2.0973413887661408e-05,0.1354390199585994,0.1333416785698332,0.1312443371810671,0.129146995792301,-1.999078116982924
0.8116232464929859,0.1354316825784394,2.0847862389991035e-05,0.1343892894589398,0.1323045032199407,0.1302197169809416,0.12813493074194254,-1.997229001897581
0.813627254509018,0.1343673140178773,2.072117910435404e-05,0.1333312550626596,0.1312591371522242,0.1291870192417888,0.1271149013313534,-1.9953256056750364
0.81563126252505,0.1332945898098307,2.059335467819879e-05,0.1322649220759207,0.1302055866081009,0.128146251140281,0.1260869156724611,-1.993367423233385
0.8176352705410821,0.1322135149476679,2.0464379541648584e-05,0.1311902959705854,0.1291438580164206,0.1270974200622557,0.1250509821080909,-1.99135392721231
0.8196392785571142,0.1311240945795913,2.0334243900440577e-05,0.1301073823845692,0.1280739579945252,0.1260405336044811,0.12400710921443708,-1.9892845667363384
0.8216432865731462,0.1300263340086374,2.0202937728549806e-05,0.1290161871222099,0.1269958933493549,0.1249755995764999,0.12295530580364496,-1.987158766094718
0.8236472945891783,0.1289202386926766,2.0070450760480665e-05,0.1279167161546525,0.1259096710786045,0.1239026260025564,0.12189558092650837,-1.984975923331264
0.8256513026052104,0.1278058142444133,1.993677248320691e-05,0.1268089756202529,0.1248152983719322,0.1228216211236115,0.12082794387529089,-1.982735408736941
0.8276553106212424,0.126683066431386,1.9801892127740065e-05,0.125692971824999,0.1237127826122249,0.1217325933994509,0.11975240418667697,-1.980436563237269
0.8296593186372745,0.1255520011759671,1.9665798660304512e-05,0.1245687112429518,0.1226021313769214,0.1206355515108909,0.11866897164486052,-1.978078696665872
0.8316633266533066,0.124412624555363,1.952848077309634e-05,0.1234362005167081,0.1214833524393985,0.1195305043620889,0.11757765628477929,-1.9756610859147123
0.8336673346693386,0.1232649428016142,1.9389926874600912e-05,0.1222954464578841,0.120356453770424,0.1184174610829639,0.11647846839550388,-1.9731829729505768
0.8356713426853707,0.122108962301595,1.925012507944289e-05,0.1211464560476228,0.1192214435396785,0.1172964310317342,0.11537141852378999,-1.970643562686427
0.8376753507014028,0.1209446895970138,1.9109063197739928e-05,0.1199892364371267,0.1180783301173528,0.1161674237975788,0.11425651747780483,-1.968042020695048
0.8396793587174348,0.1197721313844129,1.896672872392958e-05,0.1188237949482164,0.1169271220758234,0.1150304492034305,0.11313377633103754,-1.965377470751216
0.8416833667334669,0.1185912945151685,1.882310882503647e-05,0.1176501390739166,0.115767828191413,0.1138855173089093,0.11200320642640574,-1.9626489921871768
0.843687374749499,0.1174021859954909,1.8678190328344285e-05,0.1164682764790736,0.1146004574462392,0.1127326384134048,0.11086481938057041,-1.9598556170446857
0.845691382765531,0.1162048129864243,1.8531959708434423e-05,0.1152782150010025,0.1134250190301591,0.1115718230593156,0.10971862708847224,-1.9569963270051207
0.8476953907815631,0.1149991828038468,1.8384403073550247e-05,0.1140799626501692,0.1122415223428142,0.1104030820354592,0.10856464172810422,-1.954070050077215
0.8496993987975952,0.1137853029184705,1.8235506151242484e-05,0.1128735276109083,0.1110499769957841,0.1092264263806598,0.10740287576553563,-1.951075657019801
0.8517034068136272,0.1125631809558412,1.8085254273247976e-05,0.1116589182421788,0.109850392814854,0.1080418673875292,0.10623334196020441,-1.94801195747449
0.8537074148296593,0.1113328246963391,1.7933632359549838e-05,0.1104361430783616,0.1086427798424066,0.1068494166064516,0.10505605337049666,-1.9448776957804823
0.8557114228456913,0.1100942420751778,1.77806249015631e-05,0.1092052108300996,0.1074271483399433,0.105649085849787,0.10387102335963072,-1.9416715464405887
0.8577154308617234,0.1088474411824053,1.7626215944384983e-05,0.107966130385186,0.1062035087907475,0.104440887196309,0.10267826560187056,-1.938392109204096
0.8597194388777555,0.107592430262903,1.7470389068044008e-05,0.1067189108095008,0.1049718719026964,0.103224832995892,0.1014777940890876,-1.935037903728144
0.8617234468937875,0.1063292177163866,1.7313127367676436e-05,0.1054635613480027,0.1037322486112351,0.1020009358744675,0.10026962313769985,-1.9316073637748643
0.8637274549098196,0.1050578120974056,1.7154413432552233e-05,0.1042000914257779,0.1024846500825227,0.1007692087392675,0.09905376739601232,-1.9280988308964888
0.8657314629258517,0.1037782221153433,1.6994229323866043e-05,0.10292851064915,0.1012290877167634,0.0995296647843767,0.09783024185199019,-1.924510547554932
0.8677354709418837,0.102490456634417,1.6832556551200912e-05,0.1016488288068569,0.0999655731517368,0.0982823174966167,0.09659906184149668,-1.920840649615868
0.8697394789579158,0.1011945246736778,1.6669376047564323e-05,0.1003610558712995,0.0986941182665431,0.0970271806617867,0.0953602430570303,-1.917087158149941
0.8717434869739479,0.0998904354070107,1.6504668142886544e-05,0.0990652019998663,0.0974147351855777,0.095764268371289,0.09411380155700041,-1.913247970465325
0.8737474949899798,0.0985781981631347,1.633841253586136e-05,0.0977612775363416,0.0961274362827555,0.0944935950291693,0.09285975377558323,-1.909320850286229
0.8757515030060119,0.0972578224256023,1.6170588263997308e-05,0.0964492930124024,0.0948322341860027,0.0932151753596029,0.09159811653320324,-1.905303416980924
0.877755511022044,0.0959293178328002,1.600117367173545e-05,0.0951292591492134,0.0935291417820398,0.0919290244148663,0.0903289070476928,-1.9011931337302144
0.879759519038076,0.094592694177949,1.583014637647483e-05,0.0938011868591252,0.0922181722214777,0.0906351575838302,0.0890521429461828,-1.89698729451275
0.8817635270541081,0.0932479614091028,1.5657483232331465e-05,0.0924650872474862,0.090899338924253,0.0893335906010199,0.08776784227778678,-1.8926830097667908
0.8837675350701402,0.0918951296291499,1.548316029143859e-05,0.0911209716145779,0.0895726555854341,0.0880243395562902,0.0864760235271464,-1.8882771905687
0.8857715430861722,0.0905342090958122,1.5307152762576278e-05,0.0897688514576833,0.0882381361814257,0.0867074209051681,0.0851767056289105,-1.883766531145992
0.8877755511022043,0.0891652102216456,1.5129434966896028e-05,0.0884087384733008,0.0868957949766112,0.0853828514799216,0.08386990798323199,-1.8791474895167808
0.8897795591182364,0.0877881435740396,1.4949980290480896e-05,0.0870406445595155,0.0855456465304674,0.0840506485014193,0.08255565047237129,-1.8744162660171388
0.8917835671342684,0.0864030198752179,1.4768761133453458e-05,0.0856645818185452,0.0841877057051998,0.0827108295918545,0.08123395347850919,-1.869568779442606
0.8937875751503005,0.0850098500022376,1.4585748855311776e-05,0.084280562559472,0.0828219876739408,0.0813634127884096,0.07990483790287847,-1.8646006404887183
0.8957915831663326,0.0836086449869898,1.4400913716137522e-05,0.0828885993011829,0.0814485079295691,0.0800084165579554,0.07856832518634167,-1.8595071221269688
0.8977955911823646,0.0821994160161995,1.421422481327912e-05,0.0814887047755355,0.0800672822942076,0.0786458598128797,0.0772244373315518,-1.8542831264955808
0.8997995991983967,0.0807821744314253,1.4025650013066212e-05,0.0800808919307719,0.0786783269294653,0.0772757619281587,0.07587319692685213,-1.8489231478171508
0.9018036072144288,0.0793569317290597,1.3835155877058323e-05,0.0786651739352067,0.0772816583475009,0.0758981427597951,0.07451462717208929,-1.8434212307755875
0.9038076152304608,0.0779236995603291,1.364270758226991e-05,0.0772415641812156,0.0758772934229886,0.0745130226647616,0.07314875190653464,-1.837770923690156
0.9058116232464928,0.0764824897312933,1.34482688347439e-05,0.0758100762895561,0.0744652494060817,0.0731204225226073,0.07177559563913294,-1.831965225711723
0.907815631262525,0.0750333142028464,1.3251801775766016e-05,0.0743707241140581,0.0730455439364815,0.0717203637589048,0.07039518358132829,-1.825996527131546
0.909819639278557,0.0735761850907159,1.3053266879919507e-05,0.0729235217467199,0.0716181950587279,0.070312868370736,0.06900754168274406,-1.819856541731216
0.9118236472945892,0.0721111146654632,1.2852622844073268e-05,0.0714684835232595,0.0701832212388522,0.0688979589544448,0.06761269667003755,-1.8135362299075808
0.9138276553106212,0.0706381153524833,1.2649826466272593e-05,0.0700056240291696,0.0687406413825424,0.0674756587359151,0.06621067608928789,-1.8070257110709087
0.9158316633266532,0.0691571997320052,1.2444832513357846e-05,0.0685349581063373,0.0672904748550015,0.0660459916036657,0.06480150835232995,-1.800314163528471
0.9178356713426852,0.0676683805390916,1.2237593575968417e-05,0.0670565008602931,0.0658327415026963,0.0646089821450995,0.06338522278750267,-1.7933897097169438
0.9198396793587174,0.0661716706636387,1.2028059909392762e-05,0.065570267668169,0.0643674616772297,0.0631646556862905,0.061961849695351234,-1.7862392842196515
0.9218436873747494,0.0646670831503768,1.1816179258494226e-05,0.064076274187452,0.0628946562616026,0.0617130383357532,0.060531420409903815,-1.7788484814787542
0.9238476953907816,0.0631546311988695,1.1601896664669853e-05,0.062574536365636,0.061414346699169,0.060254157032702,0.05909396736623506,-1.771201379461978
0.9258517034068136,0.0616343281635147,1.1385154252476567e-05,0.0610650704508908,0.0599265550256432,0.0587880396003955,0.0576495241751479,-1.763280334734746
0.9278557114228456,0.0601061875535434,1.1165890993175228e-05,0.0595478930038846,0.0584313039045671,0.0573147148052495,0.056198125705932064,-1.7550657433776518
0.9298597194388776,0.0585702230330208,1.094404244198434e-05,0.0580230209109215,0.0569286166667231,0.0558342124225247,0.05473980817832628,-1.7465357609183387
0.9318637274549098,0.0570264484208456,1.0719540445284887e-05,0.0564904713985813,0.0554185173540528,0.0543465633095243,0.053274609264995894,-1.737665972839581
0.9338677354709418,0.0554748776907501,1.049231281335372e-05,0.0549502620500824,0.053901030768747,0.0528517994874116,0.0518025682060763,-1.728429005179725
0.935871743486974,0.0539155249713005,1.0262282953398089e-05,0.0534024108236305,0.0523761825282907,0.0513499542329509,0.05032372593761117,-1.7187940621207007
0.937875751503006,0.0523484045458967,1.002936945668281e-05,0.0518469360730625,0.0508439991273942,0.0498410621817259,0.04883812523605771,-1.7087263740769192
0.939879759519038,0.050773530852772,9.793485632338451e-06,0.050283856571155,0.0493045080079212,0.0483251594446873,0.047345810881453544,-1.6981865354019368
0.94188376753507,0.0491909184849938,9.554538978954936e-06,0.048713191536046,0.0477577376381505,0.046802283740255,0.04584682984235958,-1.687129705068894
0.943887775551102,0.0476005821904628,9.312430583222128e-06,0.0471349606613017,0.0462037176029794,0.0452724745446572,0.04434123148633506,-1.6755046360681731
0.9458917835671342,0.0460025368719137,9.067054432574775e-06,0.0455491841502849,0.0446424787070274,0.04373577326377,0.042829067820512524,-1.6632524891156308
0.9478957915831664,0.0443967975869145,8.818296625896603e-06,0.0439558827556196,0.04307405309303,0.0421922234304403,0.04131039376785069,-1.650305372601175
0.9498997995991983,0.0427833795478672,8.566034462653001e-06,0.0423550778247345,0.0414984743784692,0.0406418709322039,0.03978526748593865,-1.6365845321249806
0.9519038076152304,0.0411622981220073,8.310135386102421e-06,0.0407467913527021,0.0399157778140919,0.0390847642754816,0.038253750736871456,-1.6219980874177404
0.9539078156312624,0.0395335688314039,8.050455750138198e-06,0.0391310460438969,0.0383260004688831,0.0375209548938693,0.03671590931885553,-1.6064381788922706
0.9559118236472944,0.0378972073529598,7.786839371353782e-06,0.0375078653843921,0.0367291814472567,0.0359504975101213,0.03517181357298598,-1.5897773359818923
0.9579158316633266,0.0362532295184115,7.5191158174273025e-06,0.0358772737275401,0.0351253621457974,0.0343734505640546,0.033621538982311946,-1.5718638078611926
0.9599198396793588,0.0346016513143291,7.247098368916197e-06,0.0342392963958832,0.0335145865589916,0.0327898767221,0.03206516688520843,-1.5525154933829874
0.9619238476953909,0.0329424888821162,6.970581572631438e-06,0.0325939598034846,0.0318969016462214,0.0311998434889583,0.030502785331695197,-1.5315119541532618
0.9639278557114228,0.0312757585180102,6.689338278846733e-06,0.0309412916040678,0.0302723577761831,0.0296034239482985,0.028934490120413842,-1.5085837652977192
0.9659318637274548,0.029601476673082,6.403116018570996e-06,0.0292813208721534,0.0286410092702963,0.0280006976684392,0.027360386066582153,-1.4833981076753362
0.9679358717434868,0.0279196599532361,6.111632526192785e-06,0.0276140783269264,0.0270029150743071,0.0263917518216879,0.025780588569068626,-1.4555389571719717
0.969939879759519,0.0262303251192108,5.814570139511655e-06,0.0259395966122352,0.025358139598284,0.0247766825843328,0.024195225570381722,-1.4244793497113943
0.9719438877755512,0.0245334890865778,5.511568701505996e-06,0.0242579106515025,0.0237067537813519,0.0231555969112013,0.0226044400410507,-1.3895417598424364
0.9739478957915833,0.0228291689257423,5.202216426389124e-06,0.0225690581044228,0.0220488364617839,0.021528614819145,0.021008393176506105,-1.3498401925201875
0.9759519038076152,0.0211173818619435,4.886037943029661e-06,0.020873079964792,0.020384476170489,0.019895872376186,0.01940726858188312,-1.3041933207777658
0.9779559118236472,0.0193981452752536,4.5624783327340825e-06,0.0191700213586168,0.0187137735253434,0.01825752569207,0.01780127785879667,-1.250990243946265
0.9799599198396792,0.0176714767005789,4.230881328080663e-06,0.0174599326341748,0.0170368445013667,0.0166137563685587,0.016190668235750667,-1.1879757008066822
0.9819639278557112,0.015937393827659,3.890458729287231e-06,0.0157428708911946,0.0153538250182659,0.0149647791453371,0.014575733272408471,-1.1118920915097084
0.9839679358717434,0.014195914501067,3.540246110160869e-06,0.0140189021955589,0.0136648775845428,0.0133108529735267,0.012956828362510697,-1.0178530159353467
0.9859719438877754,0.01244705672021,3.179036138207747e-06,0.0122881049132996,0.0119702012994788,0.011652297685658,0.011334394071837289,-0.8981798449321481
0.9879759519038076,0.010690838639328,2.805273265582164e-06,0.0105505749760488,0.0102700476494906,0.0099895203229324,0.009708992996374243,-0.7400748627956166
0.9899799599198396,0.0089272785674951,2.416876924635376e-06,0.0088064347212633,0.0085647470287997,0.0083230593363362,0.008081371643872718,-0.5205021807206514
0.9919839679358716,0.0071563949686187,2.010919646331448e-06,0.0070558489863021,0.0068547570216689,0.0066536650570358,0.006452573092402693,-0.1933900204325505
0.9939879759519036,0.0053782064614397,1.5829708334223735e-06,0.0052990579197685,0.0051407608364263,0.0049824637530841,0.004824166669741869,0.3487624349200737
0.9959919839679358,0.0035927318195327,1.125507836745428e-06,0.0035364564276954,0.0034239056440208,0.0033113548603463,0.0031988040766718004,1.4284576371938031
0.9979959919839678,0.0017999899713056,6.226908834276816e-07,0.0017688554271342,0.0017065863387914,0.0016443172504486,0.0015820481621059116,4.658207848250209
1.0,0.0,0.0,0.0,0.0,0.0,0.0,
